,dicom_uid,rows,columns,series_desc,modality
0,1.2.840.109739.671568005.4240,2048,2048,FOOT_LATERAL,XR
1,1.2.840.109739.671568005.4240,2048,2048,FOOT_LATERAL,XR
2,1.2.840.118279.450306819.6283,256,256,BRAIN_T1_AX,MR
3,1.2.840.118279.450306819.6283,256,256,BRAIN_T1_AX,MR
4,1.2.840.12014.898384865.2739,512,512,BRAIN_WO_CON,CT
5,1.2.840.12014.898384865.2739,512,512,BRAIN_WO_CON,CT
6,1.2.840.123606.658393161.271,512,512,BRAIN_WO_CON,CT
7,1.2.840.123606.658393161.271,512,512,BRAIN_WO_CON,CT
8,1.2.840.135582.136784717.1283,1024,1024,RENAL_ULTRASOUND,US
9,1.2.840.135582.136784717.1283,1024,1024,RENAL_ULTRASOUND,US
10,1.2.840.139465.809817720.4524,1024,1024,CAROTID_DOPPLER,US
11,1.2.840.139465.809817720.4524,1024,1024,CAROTID_DOPPLER,US
12,1.2.840.152430.89504361.1615,2048,2048,PELVIS_AP,XR
13,1.2.840.152430.89504361.1615,2048,2048,PELVIS_AP,XR
14,1.2.840.160596.238616924.3487,512,512,ABDOMEN_W_CON,CT
15,1.2.840.160596.238616924.3487,512,512,ABDOMEN_W_CON,CT
16,1.2.840.166348.444565830.2739,1024,1024,PELVIS_ULTRASOUND,US
17,1.2.840.166348.444565830.2739,1024,1024,PELVIS_ULTRASOUND,US
18,1.2.840.172760.666617966.7213,2048,2048,CHEST_PA,XR
19,1.2.840.172760.666617966.7213,2048,2048,CHEST_PA,XR
20,1.2.840.17298.525054532.5559,512,512,SINUS_CORONAL,CT
21,1.2.840.17298.525054532.5559,512,512,SINUS_CORONAL,CT
22,1.2.840.17443.378857629.9255,1024,1024,ABDOMEN_ULTRASOUND,US
23,1.2.840.17443.378857629.9255,1024,1024,ABDOMEN_ULTRASOUND,US
24,1.2.840.178211.688829522.637,2048,2048,ABDOMEN_KUB,XR
25,1.2.840.178211.688829522.637,2048,2048,ABDOMEN_KUB,XR
26,1.2.840.190711.788317685.2241,512,512,ABDOMEN_W_CON,CT
27,1.2.840.190711.788317685.2241,512,512,ABDOMEN_W_CON,CT
28,1.2.840.194670.280883080.6649,1024,1024,RENAL_ULTRASOUND,US
29,1.2.840.194670.280883080.6649,1024,1024,RENAL_ULTRASOUND,US
30,1.2.840.202798.270614008.2058,256,256,BRAIN_T1_AX,MR
31,1.2.840.202798.270614008.2058,256,256,BRAIN_T1_AX,MR
32,1.2.840.206630.416778567.2939,256,256,BRAIN_T1_AX,MR
33,1.2.840.206630.416778567.2939,256,256,BRAIN_T1_AX,MR
34,1.2.840.211382.458343745.3106,2048,2048,PELVIS_AP,XR
35,1.2.840.211382.458343745.3106,2048,2048,PELVIS_AP,XR
36,1.2.840.211424.809201646.1895,512,512,SINUS_CORONAL,CT
37,1.2.840.211424.809201646.1895,512,512,SINUS_CORONAL,CT
38,1.2.840.215151.49750301.3759,512,512,SINUS_CORONAL,CT
39,1.2.840.215151.49750301.3759,512,512,SINUS_CORONAL,CT
40,1.2.840.220422.554618815.4494,1024,1024,THYROID_US,US
41,1.2.840.220422.554618815.4494,1024,1024,THYROID_US,US
42,1.2.840.238245.264490556.5383,512,512,BRAIN_WO_CON,CT
43,1.2.840.238245.264490556.5383,512,512,BRAIN_WO_CON,CT
44,1.2.840.243293.545851942.8533,512,512,BRAIN_WO_CON,CT
45,1.2.840.243293.545851942.8533,512,512,BRAIN_WO_CON,CT
46,1.2.840.252987.643784385.4113,512,512,HEAD_TRAUMA_CT,CT
47,1.2.840.252987.643784385.4113,512,512,HEAD_TRAUMA_CT,CT
48,1.2.840.259079.526288327.8029,512,512,SINUS_CORONAL,CT
49,1.2.840.259079.526288327.8029,512,512,SINUS_CORONAL,CT
50,1.2.840.259780.525690661.4494,512,512,ABDOMEN_W_CON,CT
51,1.2.840.259780.525690661.4494,512,512,ABDOMEN_W_CON,CT
52,1.2.840.263567.194709869.4044,256,256,ANKE_STIR_COR,MR
53,1.2.840.263567.194709869.4044,256,256,ANKE_STIR_COR,MR
54,1.2.840.265305.285769121.8396,2048,2048,PELVIS_AP,XR
55,1.2.840.265305.285769121.8396,2048,2048,PELVIS_AP,XR
56,1.2.840.285501.600086396.5032,512,512,ABDOMEN_W_CON,CT
57,1.2.840.285501.600086396.5032,512,512,ABDOMEN_W_CON,CT
58,1.2.840.296359.613449492.735,512,512,SINUS_CORONAL,CT
59,1.2.840.296359.613449492.735,512,512,SINUS_CORONAL,CT
60,1.2.840.308250.334913676.8924,2048,2048,HAND_AP,XR
61,1.2.840.308250.334913676.8924,2048,2048,HAND_AP,XR
62,1.2.840.308778.21802448.6632,256,256,BRAIN_T1_AX,MR
63,1.2.840.308778.21802448.6632,256,256,BRAIN_T1_AX,MR
64,1.2.840.316125.80920302.6219,1024,1024,RENAL_ULTRASOUND,US
65,1.2.840.316125.80920302.6219,1024,1024,RENAL_ULTRASOUND,US
66,1.2.840.323193.717904947.1921,2048,2048,ABDOMEN_KUB,XR
67,1.2.840.323193.717904947.1921,2048,2048,ABDOMEN_KUB,XR
68,1.2.840.330688.55457559.7081,256,256,KNEE_PD_FSE,MR
69,1.2.840.330688.55457559.7081,256,256,KNEE_PD_FSE,MR
70,1.2.840.338734.903385296.7315,1024,1024,THYROID_US,US
71,1.2.840.338734.903385296.7315,1024,1024,THYROID_US,US
72,1.2.840.355567.245657211.8846,1024,1024,ABDOMEN_ULTRASOUND,US
73,1.2.840.355567.245657211.8846,1024,1024,ABDOMEN_ULTRASOUND,US
74,1.2.840.363915.238309196.6267,256,256,HIP_AX_T1,MR
75,1.2.840.363915.238309196.6267,256,256,HIP_AX_T1,MR
76,1.2.840.36973.477787070.270,1024,1024,PELVIS_ULTRASOUND,US
77,1.2.840.36973.477787070.270,1024,1024,PELVIS_ULTRASOUND,US
78,1.2.840.382511.108756150.8848,512,512,CHEST_PE_PROTOCOL,CT
79,1.2.840.382511.108756150.8848,512,512,CHEST_PE_PROTOCOL,CT
80,1.2.840.395678.75007578.8875,1024,1024,RENAL_ULTRASOUND,US
81,1.2.840.395678.75007578.8875,1024,1024,RENAL_ULTRASOUND,US
82,1.2.840.398740.8952075.2077,1024,1024,PELVIS_ULTRASOUND,US
83,1.2.840.398740.8952075.2077,1024,1024,PELVIS_ULTRASOUND,US
84,1.2.840.405906.15422795.9654,2048,2048,ABDOMEN_KUB,XR
85,1.2.840.405906.15422795.9654,2048,2048,ABDOMEN_KUB,XR
86,1.2.840.405966.537223916.5746,2048,2048,PELVIS_AP,XR
87,1.2.840.405966.537223916.5746,2048,2048,PELVIS_AP,XR
88,1.2.840.414409.93803138.7993,2048,2048,FOOT_LATERAL,XR
89,1.2.840.414409.93803138.7993,2048,2048,FOOT_LATERAL,XR
90,1.2.840.431243.214684544.9328,2048,2048,HAND_AP,XR
91,1.2.840.431243.214684544.9328,2048,2048,HAND_AP,XR
92,1.2.840.443179.663910032.3378,512,512,CHEST_PE_PROTOCOL,CT
93,1.2.840.443179.663910032.3378,512,512,CHEST_PE_PROTOCOL,CT
94,1.2.840.45574.373260327.8601,2048,2048,FOOT_LATERAL,XR
95,1.2.840.45574.373260327.8601,2048,2048,FOOT_LATERAL,XR
96,1.2.840.456920.743226055.4397,2048,2048,HAND_AP,XR
97,1.2.840.456920.743226055.4397,2048,2048,HAND_AP,XR
98,1.2.840.510501.316785029.8219,2048,2048,PELVIS_AP,XR
99,1.2.840.510501.316785029.8219,2048,2048,PELVIS_AP,XR
100,1.2.840.522023.132630584.5525,256,256,ANKE_STIR_COR,MR
101,1.2.840.522023.132630584.5525,256,256,ANKE_STIR_COR,MR
102,1.2.840.526641.484716747.4828,512,512,HEAD_TRAUMa_CT,CT
103,1.2.840.526641.484716747.4828,512,512,HEAD_TRAUMa_CT,CT
104,1.2.840.542365.134619378.197,1024,1024,CAROTID_DOPPLER,US
105,1.2.840.542365.134619378.197,1024,1024,CAROTID_DOPPLER,US
106,1.2.840.54763.260854155.1719,256,256,ANKE_STIR_COR,MR
107,1.2.840.54763.260854155.1719,256,256,ANKE_STIR_COR,MR
108,1.2.840.562220.702442080.7892,512,512,CHEST_PE_PROTOCOL,CT
109,1.2.840.562220.702442080.7892,512,512,CHEST_PE_PROTOCOL,CT
110,1.2.840.576412.340159750.3886,1024,1024,THYROID_US,US
111,1.2.840.576412.340159750.3886,1024,1024,THYROID_US,US
112,1.2.840.5784.410578941.4436,256,256,HIP_AX_T1,MR
113,1.2.840.5784.410578941.4436,256,256,HIP_AX_T1,MR
114,1.2.840.588030.38009097.1579,2048,2048,CHEST_PA,XR
115,1.2.840.588030.38009097.1579,2048,2048,CHEST_PA,XR
116,1.2.840.588402.765606324.5613,512,512,SINUS_CORONAL,CT
117,1.2.840.588402.765606324.5613,512,512,SINUS_CORONAL,CT
118,1.2.840.588838.288526710.174,512,512,BRAIN_WO_CON,CT
119,1.2.840.588838.288526710.174,512,512,BRAIN_WO_CON,CT
120,1.2.840.606102.298240488.7581,512,512,ABDOMEN_W_CON,CT
121,1.2.840.606102.298240488.7581,512,512,ABDOMEN_W_CON,CT
122,1.2.840.613336.401981965.5857,2048,2048,ABDOMEN_KUB,XR
123,1.2.840.613336.401981965.5857,2048,2048,ABDOMEN_KUB,XR
124,1.2.840.627119.475616629.3815,1024,1024,THYROID_US,US
125,1.2.840.627119.475616629.3815,1024,1024,THYROID_US,US
126,1.2.840.627749.177387910.9866,2048,2048,HAND_AP,XR
127,1.2.840.627749.177387910.9866,2048,2048,HAND_AP,XR
128,1.2.840.648553.414391855.7385,512,512,SINUS_CORONAL,CT
129,1.2.840.648553.414391855.7385,512,512,SINUS_CORONAL,CT
130,1.2.840.657895.379583118.771,1024,1024,ABDOMEN_ULTRASOUND,US
131,1.2.840.657895.379583118.771,1024,1024,ABDOMEN_ULTRASOUND,US
132,1.2.840.69067.463443946.1127,1024,1024,ABDOMEN_ULTRASOUND,US
133,1.2.840.69067.463443946.1127,1024,1024,ABDOMEN_ULTRASOUND,US
134,1.2.840.697532.482929485.1443,256,256,BRAIN_T1_AX,MR
135,1.2.840.697532.482929485.1443,256,256,BRAIN_T1_AX,MR
136,1.2.840.703113.812345132.2836,512,512,BRAIN_WO_CON,CT
137,1.2.840.703113.812345132.2836,512,512,BRAIN_WO_CON,CT
138,1.2.840.709606.122312819.7185,1024,1024,RENAL_ULTRASOUND,US
139,1.2.840.709606.122312819.7185,1024,1024,RENAL_ULTRASOUND,US
140,1.2.840.717539.706621359.1289,2048,2048,CHEST_PA,XR
141,1.2.840.717539.706621359.1289,2048,2048,CHEST_PA,XR
142,1.2.840.719171.1876536.7185,256,256,HIP_AX_T1,MR
143,1.2.840.719171.1876536.7185,256,256,HIP_AX_T1,MR
144,1.2.840.740439.136605933.5326,512,512,BRAIN_WO_CON,CT
145,1.2.840.740439.136605933.5326,512,512,BRAIN_WO_CON,CT
146,1.2.840.755811.164695892.2110,256,256,ANKE_STIR_COR,MR
147,1.2.840.755811.164695892.2110,256,256,ANKE_STIR_COR,MR
148,1.2.840.780811.339011562.4986,1024,1024,RENAL_ULTRASOUND,US
149,1.2.840.780811.339011562.4986,1024,1024,RENAL_ULTRASOUND,US
150,1.2.840.792168.328831112.1864,1024,1024,ABDOMEN_ULTRASOUND,US
151,1.2.840.792168.328831112.1864,1024,1024,ABDOMEN_ULTRASOUND,US
152,1.2.840.79850.650975832.989,2048,2048,ABDOMEN_KUB,XR
153,1.2.840.79850.650975832.989,2048,2048,ABDOMEN_KUB,XR
154,1.2.840.799753.138430685.46,2048,2048,ABDOMEN_KUB,XR
155,1.2.840.799753.138430685.46,2048,2048,ABDOMEN_KUB,XR
156,1.2.840.80864.202149597.3231,256,256,ANKE_STIR_COR,MR
157,1.2.840.80864.202149597.3231,256,256,ANKE_STIR_COR,MR
158,1.2.840.810343.552083521.7302,2048,2048,CHEST_PA,XR
159,1.2.840.810343.552083521.7302,2048,2048,CHEST_PA,XR
160,1.2.840.825907.291670861.7899,256,256,KNEE_PD_FSE,MR
161,1.2.840.825907.291670861.7899,256,256,KNEE_PD_FSE,MR
162,1.2.840.827282.189192390.7771,256,256,HIP_AX_T1,MR
163,1.2.840.827282.189192390.7771,256,256,HIP_AX_T1,MR
164,1.2.840.828064.566283376.2597,1024,1024,RENAL_ULTRASOUND,US
165,1.2.840.828064.566283376.2597,1024,1024,RENAL_ULTRASOUND,US
166,1.2.840.83287.476650096.5264,2048,2048,ABDOMEN_KUB,XR
167,1.2.840.83287.476650096.5264,2048,2048,ABDOMEN_KUB,XR
168,1.2.840.857247.816989952.3793,1024,1024,PELVIS_ULTRASOUND,US
169,1.2.840.857247.816989952.3793,1024,1024,PELVIS_ULTRASOUND,US
170,1.2.840.86890.337974993.1951,1024,1024,ABDOMEN_ULTRASOUND,US
171,1.2.840.86890.337974993.1951,1024,1024,ABDOMEN_ULTRASOUND,US
172,1.2.840.870018.32195175.4253,512,512,BRAIN_WO_CON,CT
173,1.2.840.870018.32195175.4253,512,512,BRAIN_WO_CON,CT
174,1.2.840.883866.897695642.1067,512,512,ABDOMEN_W_CON,CT
175,1.2.840.883866.897695642.1067,512,512,ABDOMEN_W_CON,CT
176,1.2.840.892502.138795111.768,512,512,CHEST_PE_PROTOCOL,CT
177,1.2.840.892502.138795111.768,512,512,CHEST_PE_PROTOCOL,CT
178,1.2.840.896510.774913561.4403,1024,1024,RENAL_ULTRASOUND,US
179,1.2.840.896510.774913561.4403,1024,1024,RENAL_ULTRASOUND,US
180,1.2.840.900746.208653859.6279,2048,2048,CHEST_PA,XR
181,1.2.840.900746.208653859.6279,2048,2048,CHEST_PA,XR
182,1.2.840.90154.96624851.3176,1024,1024,PELVIS_ULTRASOUND,US
183,1.2.840.90154.96624851.3176,1024,1024,PELVIS_ULTRASOUND,US
184,1.2.840.904815.927853603.8506,512,512,BRAIN_WO_CON,CT
185,1.2.840.904815.927853603.8506,512,512,BRAIN_WO_CON,CT
186,1.2.840.919844.248294916.5013,1024,1024,THYROID_US,US
187,1.2.840.919844.248294916.5013,1024,1024,THYROID_US,US
188,1.2.840.928515.617916292.9722,256,256,KNEE_PD_FSE,MR
189,1.2.840.928515.617916292.9722,256,256,KNEE_PD_FSE,MR
190,1.2.840.941025.418837700.2234,1024,1024,CAROTID_DOPPLER,US
191,1.2.840.941025.418837700.2234,1024,1024,CAROTID_DOPPLER,US
192,1.2.840.943440.35127926.9537,2048,2048,FOOT_LATERAL,XR
193,1.2.840.943440.35127926.9537,2048,2048,FOOT_LATERAL,XR
194,1.2.840.969763.880784275.6178,512,512,SINUS_CORONAL,CT
195,1.2.840.969763.880784275.6178,512,512,SINUS_CORONAL,CT
196,1.2.840.970799.101350089.9733,2048,2048,PELVIS_AP,XR
197,1.2.840.970799.101350089.9733,2048,2048,PELVIS_AP,XR
198,1.2.840.991648.163637892.3869,256,256,SPINE_LUMBAR_SAG_T2,MR
199,1.2.840.991648.163637892.3869,256,256,SPINE_LUMBAR_SAG_T2,MR
